Y,X1,X2,X3,X4,X5,X6,X7,X8,X9,X10,X11,X12,X13,X14,X15
11.085,21,1,15.6,0,11.3,21,3.9,37.7,0,3,1399,10,0.48,49.98,8
14.0709,16,7,15.5,2,14.4,24,3.8,28.2,48,3,536,9,7.73,942.74,6
10.53,5,7,15.8,0,8.4,23,3.2,47.6,0,3,976,8,0.47,19.25,11
13.81,19,10,16.9,2,12.5,28,3.9,45.9,0,3,602,9,0.21,26.85,13
13.17416,14,7,16.0,0,16.8,22,3.6,39.9,64,3,1051,8,9.53,970.12,7
9.44,16,7,15.7,1,12.9,19,3.6,49.5,0,3,620,9,0.66,70.89,10
12.35,16,4,15.3,3,11.8,24,3.6,34,0,3,1074,7,1.63,120.64,6
10.395,24,13,16.1,5,11.7,18,4.1,41.1,1,4,265,11,1.27,107.16,7
11.84,22,4,15.6,3,13.1,11,3.7,27.2,0,3,762,8,0.36,18.46,2
12.92,2,8,16.2,2,10.8,13,3.5,17.9,0,3,1037,10,1.63,200.58,14
12.3425,5,2,17.7,5,16.2,22,3.7,40,1,4,764,11,7.09,609.15,15
14.68,12,5,16.3,3,14.7,20,3.6,38.3,0,4,1328,11,1.15,44.59,14
12.566,3,5,15.7,5,15,28,3.1,33.9,124,3,689,9,3.15,285.84,13
10.755,16,10,15.4,1,5.7,21,3.8,32.2,1,2,929,7,2.16,212.67,6
9.34,16,8,16.1,2,12.9,18,3.6,32.8,6,3,771,9,4.68,437.88,14
11.87666,5,5,15.3,2,10,22,3.5,61,1,1,459,6,1.67,264.47,4
9.78,12,11,16.1,1,13,14,3.9,39.8,1,3,1077,9,2.34,230.8,1
15.45666,16,3,15.9,0,11.3,32,4,51.1,0,3,822,8,0.53,62.65,12
12.64333,19,11,16.2,1,13.2,17,3.7,35.2,2,3,670,9,4.70,293.83,9
12.01,24,14,15.0,0,14.1,17,3.9,33.6,0,3,591,7,1.06,96.21,13
12.5,16,4,16.0,2,12.9,23,4,35.8,0,2,873,6,2.04,43.19,12
13.65,13,2,17.2,3,16.5,20,3.9,30.3,70,3,851,8,4.61,280.33,13
10.89333,21,1,16.0,0,12,17,3.8,34,1,3,629,9,1.67,187.79,8
13.44571,23,2,16.4,3,14.6,18,3.9,34.3,49,4,452,10,3.94,373.95,10
11.97,3,10,15.6,2,12.9,25,3.3,36.8,0,3,821,8,2.47,225.95,13
12.738,11,2,17.3,5,18.3,24,3.9,40.1,32,3,1234,7,12.42,291.33,4
10.22111,5,13,15.9,2,14.2,17,3.5,7.3,1,3,382,9,8.56,810.41,11
11.97,19,13,15.5,5,13.1,27,3.9,28.1,88,3,1214,8,4.26,302.12,13
12.99333,14,2,15.7,2,11.5,21,3.7,38.3,5,3,603,10,2.29,137.35,1
12.8275,7,1,17.6,6,15.2,18,3.1,31.8,148,4,530,9,6.37,527.87,11
10.78,24,13,15.5,0,11.3,20,4.1,39.7,0,2,630,7,0.82,60.1,13
14.53333,16,4,14.3,0,8.7,14,3.7,47.2,0,2,587,8,2.60,358.45,6
12.12,2,14,15.6,2,11.9,12,3.7,30.9,0,3,489,10,0.55,80.63,9
12.29,12,11,15.6,1,10.2,19,3.6,42.6,0,3,940,9,0.89,62.39,1
14.19,21,14,16.0,2,11.7,21,3.8,45.3,0,4,946,11,0.47,30,8
12.21,12,10,15.2,2,12.4,22,3.7,30.3,0,3,592,8,0.23,17.05,9
11.4875,7,11,16.2,1,12.8,23,3.8,21.5,1,3,190,8,6.06,621.5,15
10.49363,13,13,15.6,3,11.3,23,3.6,35,72,3,1011,8,11.87,778.5,2
11.54666,16,5,15.5,2,9.8,25,3.4,33.2,1,3,753,9,1.70,110.18,10
12.4675,7,7,15.1,4,11.5,25,3.9,28.6,35,2,313,9,3.37,291.33,15
13.22,2,14,16.5,0,16.3,22,4,46.5,0,4,769,11,0.95,53.11,9
15.65,16,5,16.4,4,12.7,21,3.6,43.8,0,3,418,11,0.64,22.11,10
10.72,12,5,15.4,4,14.1,25,4,41.1,1,2,685,7,3.37,261.16,3
11.983,16,7,15.2,0,10.1,14,4.1,36.8,5,2,803,7,6.44,902.46,12
10.87,16,5,14.6,4,9.8,23,4,46.9,0,2,650,6,1.04,81.26,14
12.10714,14,2,16.0,0,14.3,23,3.6,28.9,31,4,792,8,3.15,406.91,15
11.84666,21,13,16.0,1,11.1,17,3.2,33.1,1,3,731,8,2.82,300.52,8
13.14,12,14,15.6,2,11,24,3.9,34.5,0,4,749,11,0.99,103.17,1
9.986666,16,9,15.8,1,10.9,24,3.5,31.1,1,3,452,9,1.56,299.21,10
11.92888,11,3,16.8,4,14.4,23,4.1,41.4,34,2,327,7,14.84,905.2,4
10.51,17,2,15.4,5,15.4,15,3.7,51.1,0,2,531,6,0.50,33.35,9
12.54333,5,2,15.3,1,13,19,4,34.9,2,2,566,8,2.73,216.26,15
10.665,17,2,16.1,1,15,18,3.7,45.1,5,2,906,7,1.06,84.05,9
12.77,7,14,15.0,3,13.3,23,3.9,46.6,0,3,980,7,1.94,109.6,4
14.24,16,1,17.1,4,14.8,22,3.6,35.3,1,4,923,11,0.55,48.02,10
9.585,16,8,15.8,2,9.7,23,3.9,37.4,0,3,870,7,1.51,170.22,10
10.17333,16,12,15.9,1,11.1,20,3.7,36.6,0,3,643,8,1.34,139.91,10
10.94,21,4,14.6,5,12.5,26,4,44.2,0,2,478,6,0.65,23.86,8
11.13,16,14,15.8,3,10.5,30,3.5,27.8,1,4,665,10,0.92,128.43,10
11.71,5,13,15.0,3,12.3,23,3.5,27.7,0,3,577,8,1.49,95.21,15
14.22,16,7,14.6,1,11.3,18,3.8,34.8,0,2,1802,7,2.95,264.19,6
12.31333,21,14,15.2,3,14.3,22,3.7,32,1,4,905,10,1.72,176.95,4
11.91,16,2,16.5,2,12.4,18,3.8,41.3,0,4,971,11,1.43,142.05,4
11.39,7,7,15.0,0,10.8,17,4.1,36.9,0,2,456,7,0.18,36.36,15
13.42,8,14,14.3,1,10.3,25,3.7,36.9,0,2,479,8,1.10,32.85,13
12.185,7,13,15.7,1,10.7,19,3.8,28.8,1,3,485,8,2.11,203.93,15
14.53,1,2,16.2,2,12.7,25,3.4,28.8,0,4,362,10,2.75,227.31,1
11.53,12,11,14.7,3,9.1,18,4,51.1,0,2,429,6,0.13,11.01,1
11.355,2,14,16.3,1,11,22,3.5,38.7,22,3,758,10,1.40,173.12,15
9.982,10,13,16.5,4,16.8,29,4,34.8,0,4,794,10,3.44,432.07,5
11.305,24,6,17.7,5,16,17,3.7,33.4,1,4,1058,11,3.27,223.32,7
11.59833,19,7,16.4,1,13.8,17,3.6,42.5,1,3,1059,9,5.53,533.32,13
11.38,13,11,17.7,3,19.5,23,3.8,32.1,0,3,947,11,0.27,22.07,5
9.69,24,11,18.1,1,12.9,28,3.7,46.1,0,1,481,6,0.35,26.93,13
14.01666,21,2,17.6,2,15,27,3.8,30.2,0,3,400,9,1.94,166.62,12
12.24,13,2,16.0,0,13.3,24,4,42.6,1,4,320,10,0.87,91.29,2
11.425,14,1,16.0,2,15.6,20,4.1,33.5,0,3,573,8,1.16,94.87,9
11.8,4,3,15.1,1,9.6,24,3.7,33,0,3,678,8,0.23,17.47,13
11.84,12,5,16.4,5,7.9,26,3.7,53.2,1,3,870,11,1.55,94.99,1
13.28,18,11,15.9,1,11.8,18,3.7,48.4,1,3,390,9,1.90,140.58,10
10.915,2,7,15.2,0,11,26,4.1,28.6,93,2,725,8,0.98,87.74,10
10.95,7,7,14.8,2,9.8,17,4,41.4,0,3,724,8,0.96,73.31,15
13.04,16,5,16.3,2,12.8,24,4,40,0,2,369,7,1.08,134.15,12
12.24,2,11,17.0,2,16.1,19,2.9,37.8,0,4,253,10,0.48,56.71,1
9.053333,16,1,19.1,1,19.7,23,4,30,0,2,495,6,2.03,244.65,10
11.91,21,14,15.3,2,13.7,21,3.7,35.1,0,2,666,7,0.39,38.52,8
10.93733,12,14,16.3,1,11.2,22,3.9,22.5,68,3,710,8,8.62,1314.17,1
12.415,7,5,14.6,4,10.6,33,3.8,27.5,2,1,933,6,1.85,452.98,15
10.95333,15,13,16.0,2,13.9,12,3.9,19.8,0,3,854,8,2.06,133.14,7
13.2425,16,7,17.3,2,11.2,23,3.2,27.4,0,2,773,6,2.65,281.74,6
11.89333,4,11,16.1,0,14.5,24,3.4,23.3,6,3,512,10,1.67,295.27,13
12.5,2,3,16.7,0,11.1,20,3.8,34.2,0,3,1209,9,0.64,17.98,9
10.27666,11,5,18.3,1,14.2,22,4.1,32.2,1,1,669,6,1.19,157.69,4
11.935,7,7,14.9,4,14.6,27,3.7,44.4,61,3,462,7,1.11,92.88,15
10.985,5,6,15.8,5,7.5,18,4.1,35.6,1,2,782,7,2.33,201.35,8
12.23,23,13,15.6,5,12.2,25,3.7,27.9,1,3,510,9,2.82,179.97,7
11.00625,7,5,17.2,6,13.3,20,3.9,39.5,2,2,1234,6,6.30,634.25,15
11.259,21,13,16.1,1,12.6,18,3.7,36.9,68,2,1045,8,8.36,741.39,15
13.91,16,4,15.9,1,11.4,23,3.9,29.1,0,3,288,8,1.57,149.23,12
11.94,3,5,15.8,0,12.9,25,3.5,37.6,1,2,886,6,0.62,57.94,13
10.06,14,3,16.4,1,14.1,15,3.8,27.4,1,3,458,10,2.23,232.32,9
10.72,1,1,17.1,0,13.9,20,3.9,33.9,30,2,671,7,0.72,63.53,14
13.43,16,9,16.1,5,10.4,24,3.6,33.9,0,2,397,7,1.46,73.91,6
11.6075,21,13,16.4,3,14.6,24,4.1,43.1,1,4,415,11,3.72,336.34,11
9.225714,11,6,18.8,4,18.8,20,3.9,33.5,4,1,384,6,9.31,441.31,4
12.3,11,11,16.6,1,11.6,23,4,30.1,0,3,911,9,0.42,39.3,4
11.57142,14,5,18.0,7,18.2,28,4.1,48.1,1,1,600,6,5.19,460.65,11
11.14,21,7,14.8,1,14.8,25,3.5,38.5,1,2,912,7,2.37,302.97,11
9.2,17,13,16.4,5,12.2,24,3.9,20.9,1,3,532,11,5.56,314.2,2
13.57,14,1,16.2,0,13.6,21,3.8,34.3,0,4,904,10,0.88,39.04,15
12.74,11,13,16.3,0,12.1,19,4.2,37.8,0,3,558,9,0.91,122.63,15
10.6975,12,13,15.0,0,9.3,21,3.7,25.6,82,2,631,8,3.78,380,3
12.1,21,11,15.6,2,10.5,24,3.8,32.5,0,3,936,8,4.18,302.11,8
10.878,12,4,15.1,3,10.3,23,3.5,38.8,81,3,532,8,4.57,304.52,6
10.73846,7,14,15.5,2,11.6,24,3.8,24.3,3,3,786,7,7.07,927.77,15
12.46,12,14,14.7,2,10.8,18,4.1,34.6,0,3,607,9,1.68,202.14,6
13.7,15,13,15.5,3,18,18,3.6,31.9,23,3,615,10,9.36,1068.17,1
15.09833,21,5,15.6,2,8.7,15,3.6,35.3,2,2,935,7,4.58,363.35,6
12.928,6,5,16.3,7,11,29,3.4,40.3,21,4,1054,11,4.79,339.54,15
13.16,1,2,15.2,0,14,20,3.9,41.9,0,4,991,9,0.60,64.46,1
12.02666,2,14,15.4,3,14.9,22,3.2,34,9,3,740,9,2.27,308.4,9
14.21,15,3,16.8,0,14.1,19,3.8,25.4,0,3,510,9,0.31,24.3,1
12.05,11,7,15.2,1,11.2,21,3.9,26.1,45,3,343,7,2.44,252.34,4
14.188,2,5,16.6,0,13.4,12,3.7,34.9,1,3,542,9,5.67,487.79,9
10.44666,2,14,16.0,2,11.6,21,3.8,14,65,3,997,8,9.90,1173.84,7
13.05,21,13,15.9,3,12.2,20,3.9,39.7,1,3,808,8,1.15,101.46,8
12.975,14,2,16.1,3,17.1,22,3.5,40,1,3,538,10,5.46,443.38,15
10.03166,7,1,16.4,2,12.1,29,3.7,44.2,1,4,531,11,10.86,388.31,8
12.71875,16,5,16.3,1,13.4,14,3.7,21.9,5,3,590,9,9.47,602.27,3
12.83,16,5,17.1,1,15.2,22,3.7,42.4,0,2,940,6,1.86,106.89,6
10.69,24,2,16.2,3,14.8,21,3.3,32.8,1,4,589,10,1.22,93.61,13
12.5875,19,11,16.0,1,11.9,26,3.7,49.3,1,3,527,8,3.67,333.74,5
9.953333,11,13,15.0,3,7.7,19,3.9,41.6,1,2,865,7,1.33,189.33,7
11.76,13,2,16.5,0,12.4,21,3.9,27.9,0,2,804,9,1.67,168.17,5
12.26666,4,14,15.6,0,14.7,17,4.1,46.5,10,3,365,8,2.13,191.96,13
10.17,21,5,16.0,3,12,30,3.7,36.7,114,4,759,9,3.53,350.31,11
12.77333,11,7,15.0,2,9.5,22,3.6,34.7,22,3,724,8,5.03,418.1,7
12.735,21,11,15.9,1,11,21,3.8,38.4,0,3,785,8,1.21,102.31,11
13.05,19,1,16.2,1,16.5,26,3.8,38.5,0,3,366,9,0.40,41.12,5
13.69,16,4,14.8,1,12.6,27,3.8,44.5,0,2,1058,7,0.23,30.93,12
11.97,2,11,17.0,2,10.6,20,3.6,47,120,3,365,8,5.07,494.06,9
9.6375,23,13,15.1,5,11.9,24,3.6,44.5,1,4,1026,10,3.79,280.2,7
13.58,21,13,16.2,3,11.4,19,3.5,31.8,5,4,737,10,4.79,271.13,8
10.59333,22,11,16.0,1,12.7,21,3.7,17.3,103,4,766,9,8.30,974.17,2
15.42333,16,4,14.7,3,13.4,20,4.2,28.4,3,3,321,9,4.79,494.97,6
12.35,7,14,15.7,3,10.3,13,4,37.1,1,3,605,9,1.20,159.28,15
9,15,6,15.5,4,9.7,17,3.6,37.7,1,1,810,6,2.27,197.5,7
12.00666,21,2,16.9,2,13,24,3.6,40.8,36,3,437,10,1.83,198.36,11
11.914,14,7,15.9,1,8.3,22,3.9,33.2,35,3,684,8,3.01,341.24,15
12.69714,7,7,14.4,1,7.7,21,3.8,44,2,3,1039,8,5.25,598.88,4
13.38333,5,3,16.2,1,15.9,14,3.8,33.6,2,2,748,9,1.28,103.28,15
13.24666,24,5,16.3,3,9.8,23,3.9,44.2,2,2,1172,7,2.80,188.37,13
11.33,12,1,16.2,0,14.1,20,3.6,49.9,0,2,537,7,0.46,125.01,3
10.537,12,14,15.2,2,11.9,21,3.6,8.7,61,4,562,10,3.30,699.5,3
12.08111,7,7,15.3,0,12.2,20,3.9,30.3,37,3,619,8,5.12,518.25,15
12.51,14,5,15.3,1,13.7,19,3.6,39,6,3,942,7,4.92,417.38,9
11.764,11,11,15.3,2,11.9,22,3.5,35,1,3,790,8,1.63,357.42,4
13.422,16,5,15.5,2,14.2,27,3.9,39.7,39,3,557,9,2.77,346.42,12
10.49714,17,13,15.6,3,12.8,17,3.7,47.9,30,4,790,10,7.05,461.43,9
10.93,13,11,16.2,2,14.1,24,3.4,47,0,2,903,7,0.91,89.55,9
13.385,1,2,15.1,0,11.4,20,3.5,30.5,1,3,1229,9,1.55,200.45,1
12.9325,2,5,15.8,0,12.8,21,3.9,34.7,15,3,567,9,1.51,196.12,14
11.876,7,11,15.9,0,10.3,19,4.1,33.2,25,3,238,7,0.99,251.47,15
10.85,13,9,15.4,4,11.7,28,3.3,47.7,0,3,620,6,0.47,20.52,3
12.48666,22,2,17.4,3,17.5,20,3.8,29.5,91,4,273,10,3.73,379.86,2
11.01,21,3,17.1,2,12.3,20,3.9,22.9,0,4,825,11,0.44,28.41,15
10.79,16,5,15.3,3,12.6,22,4.1,27.2,0,3,530,7,1.00,133.61,14
10.77,11,2,16.7,3,13.5,23,3.8,31.5,1,3,553,10,7.19,289.4,4
11.91666,5,2,16.6,3,17.1,26,3.6,31.9,0,2,652,7,2.84,313.86,15
14.235,21,7,16.2,2,12.2,17,3.9,28.4,1,4,1003,10,2.08,221.57,6
11.64333,8,13,15.6,3,14.1,20,3.8,44,4,3,679,8,2.07,131.5,10
12.36,19,2,16.2,4,12.4,23,3.7,48.2,0,3,1140,11,1.26,117.54,13
12.28,20,5,14.6,5,6.8,21,3.9,23.3,0,3,656,6,0.88,66.21,4
10.2,16,4,14.8,4,8.9,32,3.1,40.3,25,2,629,6,5.41,438.07,14
11.74,24,2,17.0,4,12.4,26,3.7,29.3,0,4,497,11,0.43,41.75,13
13.21333,16,4,15.6,5,11.9,22,3.5,39.3,0,4,631,11,2.89,244.04,12
12.3525,14,13,16.5,0,13.9,28,3.5,38.6,1,3,1287,9,2.50,314.86,15
11.835,18,7,15.5,2,9.3,21,4.2,39,0,3,1118,10,1.54,238.03,8
11.47,24,14,16.1,3,13.3,24,3.6,41.3,0,3,1247,7,0.26,14.12,13
12.464,12,14,15.4,0,10.1,23,3.3,24.1,1,4,664,10,3.18,430.23,1
13.94,21,7,15.4,0,12.1,21,3.9,39.9,1,3,776,9,1.76,148.24,8
11.405,2,5,15.2,3,13.9,24,4,30.3,0,2,421,7,0.93,150.91,15
9.71375,19,13,16.1,4,13.2,30,3.5,32.3,13,4,405,11,6.50,527.18,13
12.578,12,5,15.7,3,13.2,24,4.2,20.8,0,4,731,10,3.24,310.84,10
12.93,12,4,15.3,2,12.7,23,3.8,36,1,3,891,8,0.33,58.42,3
10.58857,16,4,14.6,4,12.4,25,4.2,35.4,1,3,414,10,4.17,359.58,6
11.72,16,14,15.6,2,10.7,21,3.8,35.5,46,2,553,7,0.28,33.32,10
10.56,2,13,16.1,1,10.4,23,3.8,58,0,2,721,7,0.19,21.39,14
8.925,16,5,18.1,1,15.1,19,3.8,38.6,1,2,939,6,1.14,150.47,10
15.76,9,9,16.3,1,13,23,3.7,40.2,0,2,503,8,1.72,51,12
10.53,16,8,16.0,0,12.1,16,3.6,29,0,3,728,9,0.53,111.09,14
11.63,5,5,17.4,2,15.8,23,3.8,35.4,6,3,688,6,3.74,375.59,4
12.19333,12,5,15.7,2,14.7,17,3.5,29.7,1,2,610,7,1.90,198.31,1
10.25,13,11,15.2,1,11.4,23,3.8,35.3,0,3,832,8,0.68,41.37,5
12.99,22,13,15.0,0,11.5,15,3.9,38.8,0,3,531,8,0.46,14.83,2
11.3875,14,7,14.8,1,8,20,3.9,42.6,1,3,763,7,3.78,452.14,15
13.34,21,7,15.9,3,11.9,15,3.7,33.5,0,3,428,9,0.72,134.62,8
14.29,5,7,15.1,2,8.8,23,3.9,33,0,3,822,10,2.00,118.97,10
12.218,21,13,15.8,2,10.8,21,3.5,27.2,82,3,518,9,4.46,366.09,8
10.39,7,2,18.8,4,16.8,21,3.5,45.4,0,2,770,6,0.59,31.65,15
11.5,13,14,15.8,0,10.4,21,3.7,41.8,16,3,652,10,1.44,63.53,3
12.97555,23,13,15.6,5,13.3,23,3.6,51.6,41,4,544,9,6.99,576.83,10
13.695,17,5,15.0,5,11.3,20,3.8,29,0,3,835,7,1.95,138.29,9
13.435,24,14,15.8,1,16.1,24,3.9,44.2,0,2,1377,7,1.08,93.4,13
11.56333,21,2,16.0,4,9.9,23,3.3,24.7,3,3,686,9,3.06,134.45,8
12.1,2,13,16.8,0,11.5,19,3.8,33,2,4,1206,10,3.90,468.34,14
11.97727,2,7,15.5,2,7.7,13,3.7,32.4,19,3,257,10,5.76,649.74,11
13.36,2,11,16.0,2,14.6,20,4,34,0,3,841,10,0.47,42.46,1
12.81625,2,13,16.3,4,15.6,16,3.6,49.5,1,3,985,11,8.41,817.49,14
12.145,11,7,16.0,1,13.8,26,3.4,35.7,1,2,432,8,4.53,312.59,4
11.795,8,7,14.7,2,8,22,4,40,0,2,677,8,3.14,183.09,10
12.38,16,4,16.0,0,12.7,23,3.7,38.2,1,3,431,6,2.57,225.6,12
12.04666,16,8,15.6,1,6.2,21,3.7,37.7,0,3,159,7,1.21,196.6,12
13.24333,14,2,16.6,3,14.2,27,3.8,42.5,2,3,520,10,1.75,120.95,1
12.648,5,7,14.8,1,11.5,24,3.6,29.5,36,2,734,8,5.20,473.88,15
12.27,21,5,15.8,0,12.2,24,3.7,45.8,0,3,1129,8,0.45,58.22,10
8.99375,12,14,15.0,3,11.3,23,3.7,37,24,2,548,7,4.71,628.97,2
11.33428,11,13,15.9,2,13.8,23,3.4,29.4,24,3,897,10,5.07,590.75,4
12.68,16,5,16.0,3,10.7,24,4,48.9,0,3,512,10,1.93,36.93,8
11.906,6,5,15.0,0,10,18,4,32.6,2,2,620,8,2.87,319.99,3
11.554,12,14,15.3,0,15.4,16,4,32.2,69,3,529,8,1.48,191.77,1
13.74,16,7,14.8,3,12.5,17,3.9,47.9,0,2,505,7,1.26,38.85,12
12.63,14,11,17.7,1,12,21,4,40.3,6,3,858,11,1.52,88.93,7
9.87,14,5,15.6,3,13.6,18,3.8,51.6,0,2,1262,6,1.79,135.79,11
12.72,7,3,17.0,4,12.8,25,3.6,43.7,0,3,647,10,0.64,65.88,15
10.62333,5,2,16.1,3,12.4,22,4.1,33.2,0,3,369,9,2.22,149.49,10
12.303,5,5,15.2,4,9,32,3.8,21.4,10,3,1283,7,6.85,661.76,4
11.36,15,5,16.6,1,13.4,18,3.7,32.9,0,2,621,7,0.54,39.32,1
15.09666,9,5,15.6,0,9.8,14,3.7,29.6,0,3,721,10,2.81,306.97,12
12.15,2,5,14.8,4,12.3,20,3.6,30.5,0,2,831,7,1.62,172.95,15
14.296,16,3,15.2,3,11.4,26,3.6,38.3,47,3,987,8,1.23,261.51,12
11.23,12,5,15.7,1,13.6,21,4,47.9,0,3,577,10,0.35,34.39,1
11.29,2,10,15.3,1,13.8,18,3.6,33.5,0,3,797,7,0.78,102.32,14
11.44333,13,14,15.7,1,15.4,23,3.3,61.2,56,3,499,8,2.31,205.52,5
11.125,3,13,15.1,3,7.5,20,4,28.4,38,3,1369,9,3.63,377.5,2
11.008,12,4,15.5,4,13.6,25,3.9,28.6,30,2,475,7,0.49,386.64,3
12.25,24,7,15.0,0,12.1,22,4,41.9,0,4,519,9,0.63,34.64,9
13.1175,21,7,14.9,1,12.4,22,3.6,33.9,0,4,440,8,2.46,295.92,4
12.32,2,14,15.2,0,8.4,20,3.7,31.2,0,3,1029,9,0.25,45.85,9
12.3,23,1,16.1,4,8.9,17,3.9,31.9,0,4,642,10,0.53,64.67,10
10.10833,8,7,16.0,0,12.6,25,3.6,36,1,3,1115,7,1.65,277.51,10
13.64,21,7,16.5,3,9.8,26,3.8,39.3,24,3,720,11,3.06,252.8,8
14.255,10,4,15.9,2,11.5,23,3.7,23,0,3,548,9,2.52,268.12,5
12.565,21,7,15.2,0,12.7,18,3.6,37.3,1,2,935,9,3.50,302.6,8
11.74,19,13,16.8,5,15.4,21,3.8,45.8,1,3,636,11,1.43,80.73,5
11.215,8,14,15.3,2,12.1,13,3.7,40.8,0,2,216,7,1.94,187.2,8
10.88,14,1,16.6,5,13.2,29,3.6,38.3,1,2,559,7,1.63,173.46,11
9.43,16,14,14.6,1,10.6,21,3.7,40.4,0,3,887,10,0.48,55.06,6
12.57,16,10,16.1,2,11.9,18,3.8,28.4,0,3,957,9,0.60,47.59,6
12.81,14,2,17.2,4,16,25,3.9,53.6,1,3,941,11,3.54,286.75,11
11.03333,13,11,15.2,1,7.9,15,3.4,25.6,0,3,835,8,1.67,194.61,5
11.57,2,13,15.7,3,13.1,16,3.6,37.1,87,3,722,9,1.89,140.66,9
14.87,19,14,14.7,0,11.7,23,3.8,27.7,0,3,709,7,1.10,126.85,13
12.665,13,7,16.4,1,13.7,20,4,53.9,1,3,622,9,5.50,475.25,9
12.92,3,5,16.0,0,11.1,20,3.9,34.7,5,2,875,7,0.92,54.22,13
11.51,16,4,16.0,0,13,23,3.7,36,2,2,564,7,6.59,472.99,4
10.09,16,5,16.3,2,14.6,23,3.5,38.3,19,4,669,11,1.20,188.83,10
13.03,7,2,16.4,0,10.1,21,3.9,31.4,2,3,1195,8,2.66,356.39,11
12.025,2,5,16.2,5,15.9,24,3.9,25.4,1,4,448,11,3.85,267.25,14
10.71,21,14,15.3,3,13.2,25,3.5,32.2,0,3,926,7,1.39,118.04,11
11.2475,12,2,16.6,3,9.7,15,3.9,28.9,99,4,622,9,1.54,279.55,2
10.405,21,4,16.0,4,11.9,24,3.6,34.5,0,2,577,6,0.89,97.78,4
12.885,21,11,15.7,0,13.2,18,3.7,42,24,2,729,9,2.10,218.31,8
12.00846,14,14,15.5,0,7.5,17,3.9,37,67,3,755,10,8.23,982.61,11
12.13,13,3,16.0,1,11,17,3.8,38.8,0,3,888,10,0.57,48.89,5
11.35,16,5,15.0,4,12.3,16,3.9,41.4,1,3,392,7,2.94,281.99,3
12.09,21,3,16.3,3,8.9,20,4,35.2,0,4,1042,11,0.14,8.97,8
12.02,21,4,14.9,3,8.4,24,4.1,19.4,3,2,624,6,2.23,275.84,8
11.33333,21,5,15.3,2,11.3,22,4.1,47.5,13,2,1579,8,1.93,184.81,8
10.7,5,7,16.4,2,13.7,17,3.8,36.1,0,3,1067,9,2.00,181.48,10
13.045,24,13,16.2,4,15.6,20,3.6,41.9,2,3,463,9,8.65,600.6,7
11.29,7,13,16.7,2,14.4,16,3.7,51.8,0,3,901,10,1.71,211.72,11
13.568,21,7,15.1,0,12,19,3.5,38.4,32,3,519,8,4.12,447.18,8
11.436,16,14,15.4,2,14.5,19,4,47.6,1,3,429,10,3.19,158.83,15
11.3925,2,2,15.6,3,13.2,23,4.1,38,3,3,708,9,9.40,1100.98,15
10.57666,16,13,16.5,0,10.9,17,4,29.5,1,4,794,9,2.43,281.47,10
12.77625,16,5,15.6,0,10.5,19,4,31.7,2,3,421,8,2.80,387.17,14
12.32,11,13,15.4,0,14,13,3.7,34.4,32,3,760,8,1.56,381.22,4
8.98,19,13,16.1,1,12.8,17,3.6,36.3,0,3,617,7,1.86,129.14,2
13.36,7,7,16.0,0,14,17,3.6,42.5,0,4,1101,10,2.00,255.77,11
13.44,21,13,15.8,3,16,14,3.7,27,1,3,725,10,2.68,263.44,8
10.25,12,1,16.6,3,15.6,22,3.8,29.6,0,2,693,7,0.66,107.86,1
14.354,21,9,17.6,5,13.7,19,3.8,37.4,8,4,590,11,4.00,209.01,8
9.005833,12,14,16.5,3,9.6,19,4,29.6,48,3,477,10,8.82,1109.57,14
11.662,5,11,16.7,2,13.7,26,3.3,19.5,2,3,1185,10,6.61,596.86,15
11.78,16,14,15.5,0,12.3,27,3.7,40.3,0,3,593,9,0.51,43.11,3
13.02,3,11,15.9,2,11.9,18,3.8,25.6,0,3,716,8,0.76,53.89,13
11.24,14,13,15.2,3,10.5,23,4,29.4,1,4,886,10,2.72,293,15
10.895,8,13,15.9,4,11.4,29,3.5,39.2,1,3,1376,9,1.45,108.92,10
9.882,12,4,16.1,5,14.9,30,3.6,24.2,1,2,295,6,5.21,640.85,9
10.83,16,9,16.2,4,11.6,24,3.5,43.6,0,1,1025,7,0.78,36.31,10
13.8025,24,11,16.1,0,16.5,19,3.7,38.8,66,3,1098,9,3.93,290.72,9
11.27666,16,7,15.2,1,15,21,4,37.7,1,3,540,8,2.22,197.35,10
9.288,2,7,15.9,1,14.2,21,3.6,22.8,1,2,509,6,4.40,561.93,15
11.80333,2,7,15.5,1,13.9,15,4,43.8,0,4,439,10,2.35,281.58,9
11.81888,12,14,15.6,0,16.6,17,3.8,27.9,41,2,819,8,3.82,552.38,1
11.9,7,3,16.7,0,14.4,23,3.8,53.3,0,3,426,10,0.49,44.65,15
8.755,10,5,16.5,0,9.6,16,3.7,30,2,3,1097,9,4.01,419.64,3
11.23,2,7,14.8,1,10,16,4,40.8,3,4,506,10,6.40,762.34,9
13.40833,16,7,16.0,2,13.5,17,4.1,28,1,3,326,8,3.23,403.33,6
10.49,16,5,15.4,0,11.7,18,3.9,48,0,3,614,9,0.40,32.87,3
12.38,2,2,16.7,1,15.8,19,4,30.9,0,3,595,10,0.67,73.64,15
11.19,14,13,16.7,0,12.4,26,4,34.4,0,4,327,10,0.74,76.76,9
12.43,2,2,16.0,0,13.1,19,3.1,42.4,1,3,1054,10,0.97,131.65,9
11.69,5,2,16.3,3,14.3,19,3.7,32.6,2,4,611,10,3.05,262.11,4
11.5,7,13,15.5,5,17.4,26,4,34.3,0,3,602,10,2.42,117.26,15
12.30333,17,13,16.4,3,15.3,17,3.5,37.6,1,3,598,9,2.98,288.81,9
10.89,12,8,18.7,4,15.1,20,3.5,40.6,0,1,1133,6,0.94,125.91,14
12.4,5,5,15.8,1,11.7,13,3.7,34.4,0,3,703,8,0.54,45.19,10
12.4525,21,13,15.7,3,11.4,22,4,38.7,3,3,642,8,6.72,680.34,15
12.42,16,4,15.8,4,8.5,26,3.5,36.4,104,3,667,9,1.62,108.03,1
13.905,21,13,16.4,5,14.5,20,4.2,33.5,0,4,778,11,3.01,184.52,8
13.05,2,14,15.9,0,9,21,4.2,28.6,0,3,306,9,0.79,70.49,7
14.8,18,8,15.6,0,12.9,11,3.9,31.3,0,3,690,8,0.30,65.61,12
11.56,21,11,16.3,0,13.3,20,4,45.9,0,3,654,8,0.40,30.72,11
9.86,16,7,16.2,2,12,24,3.8,39.3,17,4,532,11,3.14,300.58,10
10.97,23,11,16.0,1,11.1,17,3.8,39.1,0,3,1136,8,0.94,74.52,7
11.84,13,5,14.6,6,12.4,25,4,38.6,0,2,416,7,1.93,194.25,7
10.9225,3,13,16.2,3,11.2,19,3.7,40.1,0,3,681,9,3.61,364.8,2
13.64,11,7,15.7,0,14.1,11,4,33.4,1,3,972,8,1.25,172.36,4
13.785,13,11,16.0,0,10.6,24,3.9,44,1,4,1364,9,2.99,294.1,5
12.4,16,14,15.7,0,12.7,19,3.9,27.4,3,2,754,7,5.95,952.79,12
8.0075,6,14,14.8,3,9.1,21,3.7,19.9,0,2,837,8,2.74,284.74,3
13.04,16,11,16.0,2,10.4,20,4.2,40.9,0,3,470,10,0.54,49.16,10
12.36,21,14,14.2,1,9.9,24,3.8,26.7,0,2,819,9,0.11,26.81,6
11.65,24,1,16.6,6,12.3,24,3.3,47.3,18,4,1132,11,3.96,194.9,7
12.095,3,13,16.2,4,12.4,28,4,45.9,0,3,485,9,1.92,111.56,13
11.95,11,11,15.9,2,14.2,22,3.7,27.6,53,3,306,10,0.60,35.43,15
10.9,19,11,16.2,2,14.2,28,3.7,29.2,0,4,614,11,0.58,60.82,5
11.175,23,7,15.8,3,14.2,26,3.4,32.2,0,4,472,10,2.32,107.67,7
12.80333,17,11,16.9,2,16.1,15,4,40.5,26,3,1138,9,2.22,206.58,9
15.345,3,5,16.1,0,11.5,16,3.4,25.2,8,3,1211,9,1.41,111.17,1
10.58,12,14,16.0,2,16.5,17,3.8,45.4,0,2,210,8,1.30,134.29,5
11.73666,16,13,15.9,2,14.9,24,4.1,47.5,1,2,1065,9,0.64,104.32,10
11.9425,7,3,16.3,1,12.3,17,3.8,31.8,21,3,464,10,1.95,173.32,15
8.26,16,5,14.6,1,8.1,18,4,32,3,2,539,6,1.52,192.81,11
10.12,16,5,15.4,2,12.7,27,3.6,30.4,2,3,576,7,3.06,266.11,1
12.24333,7,7,15.8,3,11.7,24,4,36.7,0,3,579,8,2.19,250.06,15
10.11,14,2,15.7,5,12.6,28,3.8,39.9,0,2,560,6,1.58,156.73,15
12.768,14,5,15.2,1,8.5,21,4.2,30.2,0,4,1156,10,4.13,495.08,11
11.55857,11,13,15.7,3,12.1,21,4,28.1,1,2,538,7,5.21,334.02,4
13.33,5,5,16.7,0,15.1,20,4,47.8,0,3,641,9,0.20,26.08,10
12.05,24,2,19.1,4,17.6,19,4,45.7,0,2,601,6,0.36,34.85,7
12.31,21,5,15.7,3,11,21,3.4,42.7,28,4,1032,10,1.24,87.95,10
8.2175,16,14,15.0,1,14.4,17,3.8,35.2,1,3,851,8,1.78,307.62,10
14.675,16,5,17.0,1,15.1,27,3.4,46.7,0,3,898,9,1.76,168.93,12
12.82,12,8,16.9,3,14.3,25,4,55.4,0,3,1119,9,0.24,44.04,1
10.79888,16,14,15.3,1,10.7,20,3.8,31.4,1,3,653,9,4.12,513.11,3
12.085,14,13,15.8,2,14.3,16,3.6,34.7,1,3,493,10,3.64,433.31,11
13.3,10,10,16.8,0,15.5,23,3.8,39.6,0,3,889,9,1.97,78.02,5
12.38,12,2,15.6,4,14.6,19,3.7,24.2,0,4,245,11,0.27,47.01,1
12.12,21,7,14.9,2,8.7,22,4,48.9,1,4,482,10,2.21,190.77,15
11.96,21,5,14.8,4,11.9,20,3.8,34.3,0,2,398,7,2.78,244.29,15
12.04666,17,5,15.8,3,11.8,19,3.6,49.2,0,3,855,10,3.74,180.42,9
12.52,12,4,16.2,1,15.4,26,2.8,29,0,4,615,11,0.42,79.21,6
11.985,16,5,15.7,1,10.6,27,3.9,42.6,1,3,993,10,0.37,49.53,10
12.675,2,7,15.8,0,17.1,14,3.8,34.1,1,3,922,10,3.40,456.14,9
11.155,19,14,16.4,3,16.7,19,3.5,32.9,0,3,595,11,0.86,83.55,5
12.77,16,7,16.0,0,11.9,9,3.6,44.1,0,3,386,8,1.47,75.37,6
14.17,16,4,15.5,1,11.4,20,3.3,38.2,0,4,910,10,0.42,67.85,12
11.09444,13,13,14.8,2,13.3,21,3.7,25.9,2,3,796,7,7.21,727.25,9
14.64,2,4,14.5,0,7.1,12,3.3,34.6,0,2,163,9,0.35,48.43,14
10.90285,21,7,16.6,2,10.3,20,3.7,29.7,1,2,869,6,6.36,697.67,4
10.69666,12,5,15.7,1,7.8,16,3.9,36,32,2,975,9,2.45,272.26,9
10.98,2,14,15.6,1,11.1,15,4.2,30.7,2,3,436,9,1.21,148.65,9
13.236,16,5,15.0,3,10.6,21,3.8,34.7,1,3,771,10,3.70,348.96,12
12.79,12,12,16.1,0,9.8,21,3.9,48.4,0,3,640,9,0.20,29.18,5
11.49428,16,4,14.5,0,12.3,21,3.5,35.7,2,3,652,9,4.04,501.21,10
10.25,11,11,15.8,1,9.9,21,3.9,41.5,0,2,456,7,0.56,122.38,4
12.9,2,5,15.4,3,13.5,22,3.5,35.2,0,3,346,8,0.95,66.3,15
12.55,21,3,15.8,0,10.9,14,4,37.2,0,3,913,7,0.67,39.87,11
11.74,18,7,15.7,2,8.6,21,3.6,16.9,0,2,628,7,2.37,306.16,12
14.44333,16,4,16.1,3,10.4,23,3.8,35.8,47,4,618,9,4.05,440.38,12
10.4,12,6,17.7,5,13.2,24,3.5,52.9,0,4,704,11,0.27,23.41,1
13.375,21,2,16.8,4,10.4,32,4.1,39.3,1,4,769,11,2.01,283.31,11
13.66666,16,6,16.5,1,13,23,3.9,32.1,3,4,759,10,4.92,488.87,12
9.96,21,6,15.5,4,13.6,16,3.7,32.3,0,3,668,9,1.43,100.73,8
12.42,16,9,15.8,3,12.9,21,3.5,33.1,0,4,610,10,0.41,38.5,12
14.00333,13,13,15.0,3,10.7,22,3.8,32.5,1,3,693,10,2.23,209.21,14
10.9475,5,11,15.6,1,10.6,20,3.7,35.5,48,3,500,7,4.75,415.22,4
10.98,2,3,15.7,0,12,17,3.7,13.5,0,2,657,6,0.42,24.98,9
12.12857,13,2,16.2,1,10.9,22,3.7,38.7,7,3,554,10,7.33,574.81,5
10.79,12,5,15.4,1,12.7,17,3.7,32.3,0,3,468,9,0.58,97.47,6
11.71,13,5,16.0,2,11,16,3.9,32.4,0,3,826,11,1.15,121.36,5
12.81,11,7,16.4,3,15.1,16,4.1,37.5,0,3,1075,9,1.00,63.49,4
9.98,15,13,14.6,4,9.5,23,4,40.9,0,2,508,6,0.86,48.56,7
10.45,16,6,15.8,6,10.7,23,3.7,36.8,0,3,368,7,1.35,59.97,3
11.265,2,2,16.8,0,10.7,25,3.6,34.7,0,3,517,10,0.50,118.98,9
11.88,16,13,16.0,4,10.8,22,3.8,32.3,3,4,469,10,4.78,559.14,1
10.84,24,11,16.1,0,15.7,14,4,47.8,0,3,632,10,0.26,104.63,13
12.14666,19,2,17.7,7,14.2,29,3.8,42.6,1,4,752,11,3.16,225.84,13
10.81,8,14,15.3,0,12.6,22,3.8,50.2,0,3,638,7,0.86,116.85,8
10.71333,12,1,16.2,2,15,26,3.6,43.1,5,3,1076,8,5.88,657.37,1
14.33,9,4,15.3,2,13.7,29,3.8,52,0,3,515,7,1.12,31.1,12
12.43,24,14,15.8,1,12.4,28,4,52,0,3,542,9,0.14,13.63,9
10.36666,13,14,15.4,1,10.5,21,3.2,30.4,85,3,460,9,6.17,645.2,5
11.71,16,5,15.8,4,14.2,24,3.9,48.9,0,3,802,10,0.89,91.32,10
11.3,8,14,15.4,3,12.9,21,3.6,34.5,2,2,642,7,2.93,212.27,8
10.36181,12,14,15.8,2,10.8,17,3.9,33.3,26,2,620,7,8.74,1060.02,9
11.65875,16,13,16.7,3,12.2,23,4.1,26.3,1,4,978,9,3.99,437.97,10
11.81,21,13,16.2,4,13,20,3.7,40,0,4,527,11,0.11,7.38,8
13.63,2,5,15.7,0,11.2,21,3.8,19,77,3,907,9,4.29,218.01,9
12.16,4,14,15.7,2,11.4,24,3.7,23.9,1,3,1271,10,2.01,147.83,13
12.64428,7,13,15.9,5,13.2,25,3.9,42.3,0,3,409,9,5.53,474.93,8
12.85666,5,14,15.4,0,9.7,17,3.7,31.6,1,3,1224,9,4.74,440.95,4
13.905,2,5,15.9,0,15.2,22,3.8,41.7,31,3,811,9,3.91,451.49,1
10.26,16,4,18.1,4,16,22,4,38.1,0,2,629,6,0.98,8.51,12
12.39666,1,13,15.8,3,14.2,24,3.6,34.4,0,4,1392,10,1.59,177.28,1
11.755,18,7,15.8,2,15.6,21,3.7,46.9,1,4,977,10,0.70,66.46,8
10.7,21,13,15.0,1,11.8,21,3.5,33.4,0,2,404,7,0.48,52.89,8
10.06066,10,14,14.8,1,9.8,20,3.5,31.1,23,2,1041,7,10.05,1304.35,3
12.12,5,6,16.2,4,14,24,4.2,42.3,0,4,950,11,5.17,160.89,8
13.094,14,5,15.7,4,13.5,20,3.8,33.7,1,3,1582,7,3.65,340.93,11
10,12,14,14.9,2,10.7,20,3.6,40.4,1,3,972,7,2.01,290.14,14
9.821666,16,14,15.6,2,15.2,23,3.5,36.4,57,3,864,8,5.12,551.29,14
10.56,5,13,16.8,0,9.1,20,3.9,47.4,0,3,605,9,1.28,142.33,15
9.305,16,14,14.8,2,9.3,20,3.6,25.1,0,3,549,7,1.86,197.94,10
10.22,12,14,15.4,1,14,21,3.7,32.8,4,3,834,9,1.53,211.24,1
12.9,16,4,15.8,3,16.1,22,3.7,43.4,33,4,432,10,5.76,514.66,12
12.37727,12,5,15.4,5,17.2,16,3.5,41.6,97,3,1644,8,5.64,566.89,1
11.5,12,14,16.5,3,5.5,24,4,39.8,0,4,316,11,0.63,69.71,1
13.585,16,7,16.5,0,12.4,19,3.9,54.7,3,2,891,6,1.87,172.29,6
14.72,16,7,16.1,1,10.9,12,3.4,28.8,1,3,677,9,3.16,341.54,12
9.206666,16,5,15.8,0,11.8,22,3.8,45.4,0,3,621,8,1.93,264.04,14
11.794,11,11,15.4,1,14.7,27,4,31.2,5,3,860,9,5.37,459.03,4
12.855,23,2,15.8,4,13.4,19,4,39.2,1,3,552,8,1.61,250.64,10
10.87909,16,7,15.9,1,13.6,26,3.6,30,6,2,378,6,7.85,1042.8,6
12.325,13,11,15.2,2,9.3,17,3.8,39,0,3,431,9,2.49,219.28,2
10.81333,7,3,15.6,1,14.3,24,3.5,52.6,0,2,554,8,0.70,85.72,11
13.42333,23,7,16.0,0,12.3,22,3.8,35.8,0,3,904,8,1.95,153.71,7
11.99,14,7,14.8,1,11.1,17,3.4,34.9,1,3,471,8,0.94,142,7
12.34,16,12,15.8,0,12.8,22,3.6,29.3,1,3,1038,9,4.55,616.59,2
11.185,2,1,15.8,2,9.8,22,3.8,44.4,1,2,1665,7,0.96,89.41,15
11.63,11,14,14.6,4,8,22,4.1,30.7,0,2,728,6,0.30,28.8,4
15.33583,21,7,15.5,0,10.4,21,3.8,23.4,48,3,944,8,8.25,788.6,6
11.12,21,8,16.8,1,14.6,26,3.5,47.2,0,3,889,9,0.58,66.42,8
12.705,16,4,16.2,0,9,29,3.8,30.9,1,2,784,6,5.47,331.9,12
11.93,23,7,15.2,3,13.4,25,3.5,27.3,0,3,1184,10,0.37,10.74,7
11.01714,23,13,15.3,0,12.5,17,3.5,31.2,39,2,842,9,7.18,483.35,7
13.90333,19,5,15.8,0,16.6,15,3.4,41.1,0,3,614,8,4.18,190.55,13
11.826,7,13,16.0,5,13.2,23,3,32.5,77,4,622,10,4.49,540.26,11
13.305,2,5,16.2,3,13.5,9,3.6,44.1,0,3,892,10,1.52,131.49,9
10.16,16,4,15.1,3,14,24,3.8,29.5,0,2,659,7,2.79,90.71,14
11.63,1,2,16.0,0,15.4,17,3.6,43.2,0,3,1072,10,1.36,146.31,1
10.36333,23,6,16.3,3,16.2,24,3.4,35.1,2,2,647,9,3.99,292.32,10
12,16,6,17.2,3,17,21,3.6,44.5,0,2,935,7,0.79,39.07,1
11.31333,2,14,16.3,3,14.8,22,4.1,29.2,1,4,706,11,2.46,261.51,9
12.73,14,3,15.9,0,15.5,21,4.1,39.5,0,3,348,8,0.55,54.53,9
15.22,16,5,15.0,2,11.5,17,3.8,44.1,1,2,698,7,1.21,124.75,12
11.02333,16,7,15.2,3,10.8,15,3.7,35.8,22,2,931,7,1.86,238.45,10
10.89,14,13,16.6,4,16.8,19,3.9,30.6,0,4,592,11,0.37,34.36,9
10.178,24,7,16.2,3,12.6,15,3.4,41.6,37,3,813,10,4.51,306.09,13
10.95142,12,14,15.1,2,11.3,14,3.1,33.9,23,4,1381,10,2.47,260.6,9
11.095,2,5,15.9,2,14.5,20,3.2,39.5,122,2,798,8,3.07,303.49,9
13.245,19,5,14.9,0,8.5,20,4.2,23.7,25,2,615,7,1.29,135.12,13
11.98,22,11,15.2,0,13.3,18,3.6,43.1,0,3,218,9,0.67,68.74,2
14.36,23,2,16.2,3,16.4,23,3.9,41,0,4,1057,11,0.70,102,10
12.1,5,13,16.2,3,13.9,23,3.8,30.5,1,4,545,9,1.53,162.18,10
11.08,24,11,16.2,1,11,22,4.1,26.9,0,2,264,7,0.23,33.55,13
13.6,16,4,16.2,5,16.1,25,3.8,27.6,0,5,1587,11,1.09,109.59,6
11.755,22,2,17.7,4,13.2,26,3.3,37.3,0,4,537,11,2.66,201.18,2
12.852,11,13,16.2,3,16.7,20,3.7,32.6,31,4,377,9,5.46,382.67,4
8.482,19,5,16.6,5,16.4,24,3.6,33.9,1,2,935,6,2.17,184.08,13
10.6,16,12,15.4,1,14.7,25,3.8,37.3,0,2,362,6,0.80,71.25,12
13.048,14,2,16.0,2,13.2,24,4.1,20.4,1,3,216,10,4.31,458.73,15
12.21333,12,14,15.6,3,15.7,24,3.9,36.7,23,4,526,11,1.32,138.32,1
11.3975,4,5,15.2,2,12.2,19,3.4,35.7,39,2,265,8,2.40,271.9,13
9.902,17,13,15.5,3,15.8,17,3.9,29.4,99,3,506,8,4.32,275.96,9
11.26055,12,5,15.6,1,12.6,17,3.9,46.9,5,2,584,7,8.15,1238.85,6
11.605,16,13,15.3,1,12.5,25,3.9,40.7,0,2,338,8,1.53,55.08,10
9.4075,21,2,18.3,0,11.2,22,3.8,35.5,1,2,428,6,3.64,308.63,8
12.31,14,5,15.8,0,10.7,28,3.8,37.2,0,3,299,9,0.87,112.07,9
9.925,23,3,17.1,4,11.9,24,4.1,32,0,2,999,6,1.26,108.67,7
12.15,13,11,16.0,2,14.1,16,3.4,50.5,0,2,622,7,0.29,23.98,9
16.54,16,4,15.4,0,13.2,20,3.6,37.9,0,3,533,8,0.41,48.15,12
11.195,13,7,14.9,1,10.1,20,4.1,39,0,2,750,8,1.81,241.09,8
10.52,19,13,14.6,0,12.9,24,3.9,50.8,0,1,361,6,2.32,81.38,9
10.92,14,14,15.6,2,14.5,20,3.9,52.6,0,3,745,8,1.78,228.44,9
9.55,21,14,16.4,2,14.4,32,3.8,30.2,0,2,627,6,0.80,92.23,8
14.18076,11,5,16.2,0,11.7,18,3.7,26.6,31,3,1225,9,14.24,953.59,4
13.52666,19,5,15.5,0,13.6,20,3.8,29.6,1,2,576,7,1.19,93.89,5
11.52,2,14,15.0,2,12.1,18,3.4,44.6,89,3,537,9,4.01,496.42,15
10.6,14,13,15.7,0,10.4,12,3.6,51.1,65,3,1258,9,1.10,59.7,9
12.05,19,2,15.2,2,12.2,16,3.9,28.5,0,3,1027,9,2.13,171.83,13
10.955,7,2,17.2,5,14.7,25,3.8,17,19,4,742,11,5.50,520.64,15
15.38333,19,5,15.7,0,11.6,10,3.8,36.4,0,2,717,7,1.41,182.43,13
12.09,21,5,16.1,4,10,21,3.7,41,0,4,550,11,0.51,17.98,8
13.284,21,5,17.5,0,13.3,16,3.9,44.9,5,2,678,6,3.53,380.65,6
12.32,18,5,15.0,4,16.3,24,3.5,46.9,1,3,530,8,1.98,186.53,13
10.07181,12,5,15.8,1,14.4,24,3.9,26.7,45,3,730,8,10.61,950.49,2
10.91333,20,7,14.8,1,9.3,15,3.5,40.2,0,3,495,10,1.55,166.61,7
11.305,24,13,15.3,3,13.6,21,3.8,27.3,101,3,878,8,2.06,258.2,7
10.185,12,5,15.5,1,12.2,23,3.8,50.6,2,2,1122,7,4.61,625.84,14
12.42111,16,3,16.2,4,14.3,28,2.8,28.1,149,3,866,8,6.99,575.42,10
9.685,16,1,16.2,2,16.1,23,3.9,44.4,62,3,915,9,1.92,223.93,14
11.916,12,2,17.7,5,15.1,23,3.8,36.2,4,3,708,11,4.69,384.09,1
10.24,16,7,15.1,2,12.1,21,3.5,39,19,3,306,7,4.07,379.84,10
11.95,2,2,16.0,4,15.7,15,3.4,33.1,0,4,341,10,0.84,65.39,1
12.67666,23,13,15.8,4,10.1,22,3.6,29.2,0,2,877,10,1.83,184.75,10
11.92666,21,5,14.9,4,14.6,19,4,21.3,5,1,641,6,4.18,337.44,8
13.66,5,2,17.6,0,15.9,27,3.9,36.7,0,3,609,9,0.43,31.54,15
11.31428,22,13,16.4,4,14.5,24,3.9,39.9,4,3,317,11,6.84,719.79,2
11.5425,11,13,16.6,3,9.8,26,3.9,28.6,0,3,915,10,5.60,344.14,4
10.94,12,4,15.3,4,11.7,22,3.8,24.9,1,3,723,7,4.06,398.33,2
10.8,2,5,16.3,5,9.8,23,3.9,42.1,0,3,598,11,0.45,64.76,9
9.511111,12,14,14.7,3,8.2,14,4,28.7,4,3,866,9,4.11,642.48,2
11.31666,18,13,15.6,2,14,25,4,34.1,14,3,772,10,5.90,602.61,8
11.68,14,5,15.8,1,9,18,3.5,51.4,34,3,1171,9,3.20,346.37,11
12.705,24,13,16.8,1,15.5,22,4,30.3,1,3,365,9,1.41,73.92,13
12.36,12,5,16.6,0,12,23,3.9,42.5,0,4,500,10,1.77,138.23,3
12.33,13,3,15.5,0,11.2,28,3.5,43.5,0,3,1137,9,0.21,15.77,5
12.96714,21,2,16.6,0,11.6,22,3.3,30.5,1,3,388,10,4.51,601.46,11
10.74,12,8,15.5,2,12.6,16,3.9,35.6,29,3,489,7,1.90,193.89,10
12.36428,9,13,15.3,2,8.5,24,3.8,35.2,4,4,531,10,4.06,428.36,12
11.815,21,11,16.0,1,13.6,18,4.3,33.3,6,3,607,9,5.39,562.73,8
11.565,13,11,18.0,1,15.2,23,3.7,39.2,76,3,395,8,2.93,199.31,7
13.12666,5,13,14.9,2,13.2,19,3.9,43.7,3,4,484,10,3.28,274.2,10
12.635,13,14,15.8,0,15.2,22,4,24.8,1,3,1039,8,3.00,384.44,5
13.28333,16,11,16.7,1,14.9,20,3.8,24.3,1,3,528,9,1.10,121.75,10
11.3,16,4,16.3,5,13.9,24,3.8,34.3,0,3,398,11,0.72,359.88,10
12.85333,14,14,14.3,0,13.2,19,3.5,26.7,1,3,411,8,2.67,231.75,11
12.02727,1,11,16.4,2,13.9,28,3.7,32.9,23,3,1037,10,2.84,346.72,13
11.62,13,11,15.9,0,14.3,22,3.6,49.2,0,3,1000,8,0.57,46.31,8
12.36,12,4,16.5,5,11.3,25,3.9,39.5,0,4,389,11,0.86,78.74,1
10.93,24,5,15.5,4,12.3,29,4.1,33.9,0,2,856,7,0.32,26.8,13
14.59333,16,4,15.0,4,11.7,23,3.9,33.1,1,2,807,7,6.69,689.24,12
12.6,12,4,14.7,2,9.3,14,4,40.7,0,3,1104,10,0.40,28.63,9
11.33,7,7,14.6,0,7.9,15,3.7,42.3,1,2,596,6,4.49,340.61,15
8.82,2,2,15.7,1,11.1,27,3.8,34.6,0,2,393,6,0.31,49.11,14
7.71,16,11,15.4,1,10.3,17,3.7,29.5,0,2,321,6,0.52,58.14,1
12.07312,12,14,15.5,0,12.9,23,3.9,24.5,6,3,638,9,11.91,1044.67,3
10.97,16,14,15.5,2,14.3,23,3.7,21.5,40,3,864,8,7.75,713.44,1
11.45333,21,14,15.4,1,11.4,21,4,47.8,1,2,477,7,2.96,333.62,8
10.7,2,7,17.6,1,13.1,22,3.9,28.1,0,2,669,6,0.62,56.87,9
12.11333,16,4,16.6,5,16.4,19,3.9,30.8,2,3,514,11,6.93,735.04,12
10.855,21,14,15.1,1,11.2,23,3.7,33.4,32,3,602,10,4.93,671.42,4
11.93285,21,14,15.3,2,11.8,14,3.9,33.9,30,3,454,8,4.93,615.5,8
11.71,7,2,16.2,0,11.8,25,3.9,25.7,0,4,810,10,0.28,43.25,15
10.78666,16,5,15.7,2,9.4,21,3.9,46,5,2,1584,8,2.47,221.55,1
11.745,7,5,15.7,4,11.4,23,3.6,20.9,1,2,1055,6,2.98,304,11
11.1,12,8,17.0,2,16.7,27,3.4,34.4,18,2,285,7,2.26,202.25,14
9.32,24,7,14.7,3,9.5,18,3.7,44.1,0,4,478,10,1.40,88.78,9
12.235,11,14,15.2,2,8.8,13,3.9,23.4,1,3,735,8,1.09,133.28,4
11.66,2,2,15.5,1,9.7,22,3.6,27.4,47,3,747,9,2.69,350.07,1
12.155,19,7,15.3,2,10.1,27,4,30,0,3,627,7,1.50,132.76,13
11.912,12,5,15.6,1,13.9,23,3.5,38.6,8,4,590,9,3.50,440.71,9
12.264,21,2,16.1,4,12.8,24,3.7,31,0,4,741,9,3.07,240.93,11
9.605,21,7,14.9,3,8.3,29,3.5,29.1,1,2,414,6,3.61,259.89,8
13.535,11,2,15.5,0,11.5,22,3.4,42.1,0,3,444,8,1.92,167.08,4
11.75,9,14,15.9,2,15.2,21,3.7,38.9,0,3,236,8,1.63,61.64,13
10.755,2,1,16.1,6,12.1,26,3.6,35.3,107,3,669,9,1.90,159.74,15
11.605,2,14,15.0,3,10.5,19,3.9,42.5,1,2,894,7,1.45,129.95,15
12.608,12,5,15.8,0,13.1,11,4,28.2,2,2,293,7,4.20,467.27,2
10.26875,11,14,15.4,0,10.5,22,3.9,34.3,2,2,837,9,6.98,652.38,4
11.2325,2,5,16.1,2,11.8,23,3.7,39.3,1,2,646,6,4.16,381.83,9
12.00333,16,7,16.5,0,12.4,26,3.8,23.7,0,2,669,6,2.42,252.66,6
12.53,16,4,15.1,2,9.1,21,3.7,42.2,0,3,928,10,0.94,88.88,12
12.575,21,5,14.9,4,9.3,20,3.7,37.2,2,2,942,6,3.45,291.33,6
14.22666,16,9,16.2,1,13.5,22,3.9,25.2,1,3,812,7,4.60,426.99,12
13.108,16,4,16.0,3,12.6,23,3.9,47.4,1,4,513,11,4.88,335.6,6
11.65,13,8,16.0,3,13.2,23,3.9,30.8,0,3,756,10,0.32,17.14,5
11.17,14,13,15.7,4,11.9,22,3.8,31.5,1,3,435,7,1.57,175.25,15
10.395,12,4,15.9,1,11,21,3.8,39.4,0,3,281,8,0.29,59.66,3
11.2075,14,13,15.2,5,12.9,34,4,45.1,30,2,809,7,2.30,281.07,15
10.735,21,6,15.6,4,12.1,27,3.8,31.9,0,4,337,10,2.60,97.21,8
11.62,23,13,15.7,6,10.6,30,3.9,24.6,1,3,443,8,2.86,242.94,7
14.44,24,14,15.0,0,13.7,20,3,37.4,0,3,286,7,3.30,110.37,13
13.286,12,5,15.0,0,10.7,18,4,20.3,1,2,793,7,4.99,574.68,6
11.65,3,13,15.4,4,11.3,24,4,45.6,1,3,934,8,6.23,335.57,13
11.32,22,2,17.7,2,16.2,23,2.9,26.8,139,3,370,9,4.82,457.99,2
11.069,13,11,16.3,1,17.2,20,3.7,34.4,132,3,1164,9,9.48,864.9,2
11.51333,2,2,16.2,4,15.1,26,4.1,49.5,1,3,1087,10,2.98,321.15,15
12.03,23,3,16.2,1,12.7,20,4,32.6,0,4,526,10,0.34,31.53,7
12.32,2,3,15.6,1,16.5,25,3.7,19.8,0,2,671,8,0.37,49.82,9
10.43,20,7,15.5,3,11.6,24,3.7,34.2,0,2,515,7,2.28,116.01,15
12.2625,1,2,15.9,2,11.6,25,2.9,43.5,29,3,955,10,1.86,150.47,2
12.92,9,11,15.2,1,12.1,25,3.6,34.8,0,2,641,8,0.22,37.34,12
9.462,7,3,16.3,2,13.3,24,4.3,14.8,2,3,866,7,3.37,490.7,4
10.925,14,5,15.0,3,12.3,20,3.9,34.1,0,2,1244,7,1.37,124.5,9
11.1475,19,1,16.6,3,13.5,27,3.8,39.4,1,3,933,7,4.45,298.8,5
10.28,16,14,15.3,1,11.4,19,3.8,45.9,0,2,793,7,0.18,24.91,3
10.34333,12,7,16.3,2,13.8,16,3.7,38.9,1,4,502,11,3.03,243.62,2
11.478,7,5,15.9,3,12.7,17,3.7,27.6,31,3,1032,7,2.73,464.68,15
10.99,16,4,14.9,0,10.9,27,3.9,45.8,0,2,688,7,2.52,207.49,14
12.164,2,5,15.7,2,13.4,22,4,45.9,1,3,854,9,2.59,283.64,14
13.15333,24,2,15.7,1,10.4,20,3.7,37.7,5,3,512,8,2.04,233.9,13
10.59,13,11,16.0,2,12.6,26,3.9,31.9,0,2,279,7,0.56,60.37,3
11.732,16,5,16.4,3,11.3,21,4,49.6,89,3,692,8,1.84,204.06,10
12.32,12,11,16.0,2,14.6,22,4,42.9,0,3,511,8,1.14,93.62,5
13.045,16,4,16.4,4,13.6,26,3.7,39.7,1,5,588,11,7.43,659.52,6
12.61857,19,5,16.9,3,13.9,15,3.7,42.7,5,3,707,6,5.67,447.72,13
12.86,5,4,16.6,5,10.7,18,3.7,34.9,0,3,331,11,0.35,22.43,10
12.965,5,14,15.0,0,9.8,17,4.3,32.6,0,3,943,8,2.22,167.87,15
10.21,5,6,16.6,4,15.2,25,4.1,43.1,0,2,542,7,0.88,60.43,8
11.82,7,10,16.6,2,12.3,21,3.9,28.9,0,3,608,10,0.64,61.19,11
9.65,16,4,16.0,1,13.8,20,3.8,41.4,0,2,716,8,0.65,66.88,14
11.93,16,13,16.0,4,12.4,24,3.9,35.2,3,4,995,10,2.82,162.96,10
11.036,13,14,14.9,2,10.2,20,3.7,46,2,2,1623,8,2.42,285.08,5
16.25,9,9,16.3,2,14.7,24,4,43.3,0,3,1281,8,3.91,144.67,12
11.21,23,13,16.4,3,15.8,20,3.9,36.1,0,5,550,11,0.57,38.69,7
11.50666,7,14,15.8,2,13.7,17,3.9,35.5,0,2,814,7,2.29,122.9,15
10.9,19,3,15.8,2,14.5,19,3.8,27.5,0,3,564,7,0.29,36,5
12.7775,19,8,15.6,3,10.2,25,4,38,4,4,901,9,4.00,371.89,5
14.14571,2,5,15.7,0,12.9,22,3.7,39.1,26,3,786,8,4.51,532.78,15
11.75,21,11,16.3,2,14.1,22,3.7,22.8,1,3,716,10,1.29,129.17,11
13.04285,13,2,15.9,2,10.8,27,4,23.4,4,3,279,10,5.92,461.25,8
12.29666,21,13,15.8,4,10.3,22,3.9,41.1,1,4,1214,10,3.25,251.31,11
10.67,19,13,15.2,2,10.6,29,3.9,38.7,0,3,430,7,0.30,21.32,5
11.41,24,6,17.7,6,16,27,3.7,47.4,0,3,1064,11,1.40,108.24,7
10.46,13,7,16.0,1,15.7,25,3.4,38.3,33,3,363,10,0.98,213.3,8
11.354,16,5,16.6,1,10,21,3.7,21.1,26,3,722,9,5.65,632.72,1
13.51,24,10,16.7,2,12.8,18,4.1,51.6,1,3,355,9,0.79,199.84,13
12.095,12,14,16.4,3,8.2,17,3.6,36.6,1,4,986,11,1.42,137.19,1
12.4,19,13,15.8,0,12.3,21,3.8,26,0,3,457,9,0.62,58.15,13
11.735,9,1,16.8,1,13.5,22,3.9,42.9,1,4,721,10,1.44,82.96,12
12.35692,16,12,15.4,0,9.8,20,3.7,20.9,18,3,881,9,6.87,1025.71,14
13.61,21,7,15.7,3,12.6,19,3.8,37,0,5,1115,11,0.52,49.74,8
10.6825,14,13,16.2,5,11.6,25,3.9,32.5,43,4,356,8,5.05,550.7,11
12.7975,13,14,15.2,0,9.4,17,4.3,30.9,2,3,565,9,7.03,795.36,5
13.98875,7,7,15.4,1,9.1,24,3.6,19.9,98,3,801,8,3.98,400.44,15
12.22,3,11,16.2,0,13.6,23,4,48.6,5,3,693,10,1.43,159.94,3
13.3,16,13,16.4,3,13,27,3.8,39.2,0,4,544,11,1.16,100.18,10
11.6375,11,13,16.4,3,10.8,22,3.7,21.6,64,3,951,9,4.28,460.61,4
12.2,19,10,15.8,0,11.2,19,3.3,55,0,3,905,7,0.43,25.39,5
10.04833,12,4,16.6,5,16.9,26,3.3,31.8,0,3,489,11,5.95,405.52,9
10.782,12,9,18.3,4,14.5,24,3.9,26.6,1,2,572,6,4.97,491.07,3
13.01,12,14,16.0,2,12.9,23,3.3,41.3,0,2,1075,8,1.10,84.28,5
10.955,23,13,15.3,4,8.7,23,2.5,36.6,0,3,695,10,0.62,60,7
14.16,24,7,14.4,3,12.5,26,3.7,44.2,0,3,638,8,1.90,116.43,13
10.80428,21,3,15.1,3,9.2,20,4.1,30.7,2,2,1058,7,5.25,449.5,8
13.925,16,9,16.9,3,14.4,14,4,29.4,0,4,460,10,0.86,76.67,12
12.97,24,6,16.2,4,9.8,24,3.6,42.8,0,2,497,7,3.26,216.23,13
6.6,18,6,16.2,5,12.3,28,3.8,35.4,0,4,564,10,1.82,22.01,13
9.93,16,11,15.2,1,8.8,23,3.9,30.8,0,3,359,9,0.42,28.11,8
12.26,18,2,17.0,5,14,23,3.9,39.6,2,4,1085,11,6.62,596.04,9
13.83,19,8,16.8,5,14.7,24,4,44.9,0,3,790,9,0.68,60.56,5
13.52,24,13,15.6,0,14.4,21,3.7,26.5,1,2,934,8,3.06,265.49,13
11.57,5,14,17.2,3,11.6,23,4.2,34.6,0,2,595,6,1.02,92.41,11
13.00666,5,2,16.7,4,15.9,24,3.8,35.4,22,3,748,10,5.18,531.99,15
13.23,19,11,15.2,1,11.9,21,3.6,34.6,0,3,812,9,0.44,49.76,13
9.64,19,2,16.2,1,14.1,22,3.5,37.8,8,4,921,10,3.16,212.53,13
14.15166,16,7,15.7,1,7.6,17,3.8,38.3,1,4,391,10,4.42,469.2,6
11.704,21,7,15.2,0,12.8,20,4,37.9,2,2,929,6,2.62,236.73,6
8.58,16,4,16.6,4,15.9,24,4,32,0,4,626,11,2.34,127.24,12
12.106,11,13,16.7,1,14.9,25,3.7,33.4,1,3,671,9,0.79,226.06,4
10.272,12,5,16.9,8,12.2,24,3.7,36.1,1,2,1256,6,2.57,381.76,1
11.004,11,7,15.7,2,13,24,3.8,31.2,21,4,584,10,3.76,336.4,7
10.68,13,4,16.4,3,12.8,29,3.9,51.4,1,4,507,11,1.09,96.91,5
12.56,13,13,15.7,3,14.1,19,3.4,31.1,55,3,418,10,1.57,212.41,2
12.33,21,14,15.1,0,11.6,14,4.1,52.4,8,2,531,7,2.79,201.4,8
13.19,21,11,16.3,0,16.6,17,3.7,28.1,0,2,563,8,0.90,55.18,11
12.95,13,13,15.2,3,9.8,23,3.8,35.3,1,3,1350,10,0.60,76.59,14
12.86333,14,2,16.8,0,10.4,25,3.5,28.7,1,3,662,9,2.72,271.12,11
9.49875,12,13,17.5,3,12.3,24,3.5,30.8,1,2,713,6,7.68,790.38,9
11.62,5,13,15.5,4,11.4,20,4.1,30,0,3,920,8,0.70,93.55,15
10.445,12,4,15.0,4,10.7,21,4,42.6,1,2,1163,6,3.55,305.48,9
12.1475,8,13,15.3,0,12.8,21,3.7,22.8,17,2,637,7,2.54,244.76,13
12.9,19,14,14.3,2,13,24,3.8,41,0,3,993,8,1.88,133.06,9
11.11,16,13,15.0,3,13.5,25,3.9,41.8,0,2,672,7,0.32,22.68,1
15.18,16,9,16.0,0,12.8,12,4.2,36.4,0,2,602,8,0.51,103.42,12
14.01,12,4,16.6,5,10.8,18,4.2,48.2,0,4,695,11,0.64,43.35,1
14.38,12,5,15.8,0,10.9,21,4.1,40.4,35,3,816,9,0.50,126.4,1
10.75,16,14,15.3,3,9.4,23,3.5,37.2,0,2,362,7,0.13,21.06,1
11.2,2,14,16.1,0,13.1,23,4,38,49,4,844,10,0.96,129.05,15
8.5,20,3,17.1,3,17.4,18,3.6,33.2,0,1,435,6,0.51,51.53,7
14.215,16,4,16.3,0,16.3,18,3.9,41.7,0,3,1138,7,0.69,81.8,12
11.425,4,3,16.2,1,13.5,26,4,37.8,7,2,481,8,0.92,86.84,13
13.54714,7,7,15.7,0,11.4,14,4,23.1,23,3,498,10,3.59,409.94,15
12.93,21,7,15.2,0,8.9,16,3.5,41.7,5,2,598,7,0.87,111.16,8
8.855,7,13,17.9,4,18.7,27,3.8,32.5,3,2,1297,6,3.21,364.06,11
8.86,21,13,14.6,4,10.8,21,4,33.5,1,2,1108,6,4.54,178.35,8
10.37,16,5,16.0,2,14.8,24,3.9,36.9,4,2,219,7,1.99,245.12,10
14.12777,21,2,16.3,4,9.6,23,3.4,29,26,4,1353,10,5.52,736.77,11
12.356,11,13,15.6,2,12.2,20,3.7,38.4,44,4,582,9,4.43,421.64,4
8.753636,23,13,16.4,4,13.5,25,3.8,15.2,8,3,607,10,8.39,959.36,7
11.04,16,8,16.3,3,15.5,17,3.4,43.4,0,2,684,8,0.57,62.92,14
12.95833,16,4,15.8,1,14,18,3.7,28.9,1,4,570,10,2.47,302.89,14
11.68333,11,11,15.6,1,11.7,19,3.5,36.1,0,4,483,10,1.95,248.28,4
15.085,16,7,15.9,3,12.2,20,3.6,40.4,1,3,408,10,2.01,157.23,6
10.4,13,2,18.6,3,16,23,3.7,32.1,1,2,344,7,1.15,121.63,2
11.53333,12,4,15.3,4,10.6,14,3.7,31.4,1,2,885,7,0.85,128.83,3
10.93,23,13,16.7,3,17.4,26,3.5,33.5,0,4,649,10,0.52,32.9,10
13.115,15,1,15.6,2,12.3,25,3.5,36.5,22,3,583,10,1.30,150.23,1
9.942,7,14,15.0,2,11.3,18,3.5,30.5,29,3,859,10,1.34,184.77,4
11.21,22,3,16.8,0,12.9,18,3.8,21.9,0,3,704,9,0.30,75.3,2
12.55111,16,7,14.7,0,9.6,22,3.7,21.4,19,3,840,9,9.60,1545.88,12
16.19,21,11,16.2,0,16.1,16,3.5,46.4,0,3,838,10,1.62,139.59,12
9.8225,16,14,15.0,1,10.3,19,4.1,21,26,2,541,7,1.92,236.08,3
10.148,7,13,15.9,4,13.4,25,3.8,37.6,121,2,657,9,3.68,267.4,4
11.45333,24,14,15.0,2,16.3,26,4.1,35,8,2,850,9,3.77,362.48,9
11.49,4,14,14.9,2,13.3,13,4,41.1,0,2,1107,6,0.97,85.8,13
11.36,16,4,15.8,6,11.5,20,3.7,35.7,0,2,910,7,0.35,35.21,14
12.23,16,9,16.6,2,16.4,25,3.6,47,0,2,830,8,0.63,151.2,10
13.04,13,7,14.8,0,8.8,21,3.6,38.6,0,3,1082,9,3.44,342.06,2
11.67,16,9,15.8,1,8.6,25,3.9,53.3,0,1,321,7,1.82,190.42,10
13.5,13,3,16.0,0,12.1,17,3.5,33.6,0,4,594,10,0.49,24.2,5
11.62666,13,14,15.8,1,12.1,26,3.9,38.9,0,2,842,7,1.53,142.84,9
12.54,21,13,15.8,0,11.8,16,3.9,35,0,4,444,9,0.89,116.1,11
8.15,16,4,16.3,6,15.5,17,3.9,26.7,1,1,1024,6,1.17,85.55,10
14.33,2,5,15.5,0,15.1,24,3.8,37.3,44,3,960,9,3.67,451.54,9
10.52,21,7,15.8,0,13.5,18,3.9,41.8,0,4,477,10,0.67,87.77,8
11.68,23,14,14.3,1,9.3,32,3.3,33.7,0,3,312,8,0.32,26.92,7
9.95,7,13,15.2,0,13,23,3.8,34.2,1,2,1109,6,8.51,368.28,15
12.83,5,3,16.5,3,14.1,21,3.3,36.7,1,3,783,9,1.32,146.53,8
11.35857,17,11,16.0,1,14.8,18,3.8,33.3,31,2,718,7,5.00,391.13,9
11.89,3,6,16.2,0,12.8,24,3.8,38.7,0,3,835,7,2.11,114.6,13
9.62,5,7,14.6,1,11,18,3.7,48.6,0,4,464,10,0.38,29.56,10
10.40666,11,13,15.4,2,8.6,19,3.6,25.6,1,3,658,8,3.62,473.05,4
12.57,24,12,15.7,0,8.7,22,3.4,25.4,0,2,866,8,1.52,136.94,9
10.495,12,14,15.9,0,12.2,18,3.6,37.5,0,2,430,8,0.33,95.52,3
10.57,18,11,15.7,1,11.3,26,3.7,33.4,2,3,642,10,1.85,164.53,13
14.37333,16,5,15.4,1,11.4,20,3.8,30.5,0,2,452,7,2.90,388.66,12
11.57,15,10,15.2,2,11.4,21,3.7,34.9,103,2,447,8,0.99,71.44,7
11,12,8,15.9,1,11.6,22,3.8,29.8,1,3,604,8,2.31,372.33,3
12.1425,21,2,16.2,3,10.7,20,3.8,31.6,7,3,496,10,4.00,299.51,8
11.3,7,5,15.3,3,10,18,3.9,32.2,1,3,1008,7,3.06,393.82,11
11.35142,2,5,15.5,5,10,23,3.8,28.7,2,2,532,6,6.78,717.54,9
11.78,5,2,19.1,5,15.8,26,3.9,34.1,0,1,929,6,1.49,68.24,4
12.21,2,13,15.2,7,11.7,25,3.9,30.6,0,3,1028,8,1.29,85.63,9
11.42,24,13,15.7,3,13.8,19,3.8,36.6,1,3,442,9,1.23,76.17,7
10.52,12,4,15.4,2,13.2,26,3.7,34.3,0,3,559,9,1.20,177.55,6
12.94,5,2,17.6,0,13.4,17,3.7,24.2,0,3,310,9,0.72,42.05,11
15.65,21,4,16.0,4,15.1,26,4,49.8,0,5,825,11,0.36,36.1,6
8.92,18,3,16.1,6,12.5,21,3.4,30.6,12,3,563,10,3.44,49.19,13
12.538,11,13,16.3,4,12.3,23,3.8,35.9,40,3,509,8,3.98,352.73,4
12.195,5,2,15.5,2,13.4,17,3.8,42.7,1,4,1266,10,2.32,208.06,15
11.34,14,8,16.3,3,14.3,14,3.9,30,0,3,336,7,0.64,45.39,15
11.76,12,5,15.7,4,12.1,20,3.9,25.2,0,3,978,7,6.62,223.76,3
12.73,11,2,16.0,2,15.9,23,3.8,38.9,0,3,493,9,1.01,100.28,15
11.66,5,2,16.2,0,14.1,17,3.3,48.6,50,2,1505,7,2.05,116.46,11
12.0125,2,2,15.8,3,10.7,19,3.8,33.2,2,2,921,8,3.63,376.69,9
12.095,21,13,16.2,3,17.9,20,3.6,39.5,0,4,703,11,2.27,250.3,11
14.00285,16,4,15.1,2,9,18,3.7,38.8,5,3,555,10,0.40,527.97,12
13.24,14,5,15.7,0,12.5,19,3.7,39.2,0,3,756,8,1.47,102.99,9
10.62,13,2,15.2,3,12.5,27,3.7,39.8,0,3,666,9,0.47,37.57,5
9.8775,16,5,14.6,4,10.3,27,3.8,26.9,3,2,435,6,6.36,459.52,14
11.875,23,7,16.4,3,11.6,17,3.9,37,4,3,464,11,0.45,65.69,7
11.685,12,4,14.9,4,12.9,19,3.9,44.7,1,1,513,6,1.32,100.46,1
12.565,16,4,15.4,1,13.1,20,3.5,37.1,1,2,697,7,0.57,81.41,12
11.486,12,8,15.9,3,13.3,20,3.6,42.8,1,2,763,8,3.95,390.09,3
11.07,17,13,15.9,2,13.4,20,4.1,42.5,28,3,354,7,2.45,209.16,9
11.42,7,14,15.4,1,11.6,21,3.7,23.3,1,3,489,9,2.66,252.96,15
12.67,7,14,15.3,3,11.8,23,3.7,37.4,0,3,559,7,1.02,45.03,15
11.26,16,1,17.0,4,17.4,20,2.9,25.2,0,4,459,11,2.53,64.05,12
11.76,19,1,16.6,0,12.2,18,3.8,51.7,0,2,1008,7,2.76,211.35,5
10.65,15,13,15.8,3,10.7,25,4,30.4,5,2,1021,7,7.73,705.18,1
11.545,16,3,16.0,0,13.4,23,3.7,36.7,0,2,208,8,2.69,101.24,1
11.46333,13,13,16.1,4,12.6,25,3.9,37.5,1,2,375,7,2.20,254.76,9
13.0475,10,5,15.5,1,11.6,27,3.8,45.2,0,2,1191,8,4.12,341.39,5
11.88,7,7,15.3,1,7.6,25,3.8,22.9,3,3,829,7,1.07,114.39,15
